[{
"AUTHOR_UID":1,
"FIRST_NAME":"Fiona",
"MIDDLE_NAME":null,
"LAST_NAME":"Macdonald"
},
{
"AUTHOR_UID":2,
"FIRST_NAME":"Gian",
"MIDDLE_NAME":"Paulo",
"LAST_NAME":"Faleschini"
},{
"AUTHOR_UID":3,
"FIRST_NAME":"Laura",
"MIDDLE_NAME":"K",
"LAST_NAME":"Egendorf"
},
{
"AUTHOR_UID":4,
"FIRST_NAME":"Jan",
"MIDDLE_NAME":null,
"LAST_NAME":"Grover"
},
{
"AUTHOR_UID":5,
"FIRST_NAME":"Jennifer",
"MIDDLE_NAME":null,
"LAST_NAME":"Clapp"
},
{
"AUTHOR_UID":6,
"FIRST_NAME":"Kathleen",
"MIDDLE_NAME":null,
"LAST_NAME":"Petelinsek"
}]